Company,Industry,Address,BBB Rating,Company Phone,Website,Estimated Revenue
Austin Air Conditioning & Repair,HVAC,"1505 West 6th Street, Austin TX",N/A,(512) 271-2172,acrepairaustin.org,N/A
Intelligent Air Services,HVAC,"5602 Clay Avenue, Austin TX",N/A,(512) 323-2500,www.iairservices.com,N/A
Austin Air Duct Cleaning,HVAC,"507 Sabine Street, Austin TX",N/A,(512) 354-2780,austinductcleaning.us,N/A
Smart Air Service Co.,HVAC,"3903 Warehouse Row, Austin TX",N/A,(512) 600-4311,smartairaustin.com,N/A
Elite Heating and Air Conditioning,HVAC,"8910 Research Boulevard, Austin TX",N/A,(512) 637-4237,eliteaustinac.com,N/A
Elite Heating and Air Conditioning,HVAC,"3736 Bee Caves Road, West Lake Hills TX",N/A,(512) 637-4237,eliteaustinac.com,N/A
NOMI - Bathroom Remodeling Dallas Tx,Plumbing,"5956 Sherry Lane, Dallas TX",N/A,(800) 371-8970,nomibath.com,N/A
Brooks Plumbing,Plumbing,"627 East Walnut Circle, Garland TX",N/A,(214) 368-3838,brooksplumbingtexas.com,N/A
Benjamin Franklin Plumbing & Drain Services of Duncanville,Plumbing,"1019 Explorer Street, Duncanville TX",N/A,(972) 263-5010,www.duncanvilleplumber.com,N/A
James Armstrong Plumbing Mesquite,Plumbing,"15330 Lyndon B Johnson Freeway, Mesquite TX",N/A,(214) 918-6109,www.jamesarmstrongplumbing.com,N/A
AO1 Roofing LLC,Roofing,N/A,N/A,(832) 792-3937,ao1roofingandconstruction.com,N/A
Eldridge Roofing & Restoration,Roofing,"5907 Spring Cypress Road, Spring TX",N/A,(281) 999-4663,eldridgeroofingtx.com,N/A
Redemption Roofing and General Contracting,Roofing,"2600 South Shore Blvd, League City TX",N/A,(281) 205-1337,www.redemptionroofing.com,N/A
Hunter Service Group,Electrical,"15015 Tradesman Drive, San Antonio TX",N/A,(210) 361-3398,hunterservicegroup.com,N/A
Austin Air Conditioning & Repair LLC,HVAC,"1505 West 6th Street, Austin TX",N/A,(512) 271-2172,https://www.acrepairaustin.org/,N/A
AUSTIN AIR DUCT CLEANING,HVAC,N/A,N/A,(512) 354-2780,N/A,N/A